{
  "cov_0.1": {
    "baseline": {
      "pearson": 0.2088583175801075,
      "rmse": 0.340786676426228,
      "mae": 0.30378457878989445,
      "coverage_90": 0.684375,
      "mean_width": 0.7939979898452333,
      "pearson_cpgpoor": 0.11936347993864002
    },
    "havi": {
      "pearson": 0.2762210756747436,
      "rmse": 0.3293258448095346,
      "mae": 0.29561234291965455,
      "coverage_90": 0.375,
      "mean_width": 0.5067197554477822,
      "pearson_cpgpoor": 0.17442259784255906
    },
    "elbo_final": -0.26436106017791394
  },
  "cov_1.0": {
    "baseline": {
      "pearson": 0.5321531218273303,
      "rmse": 0.30027662168760527,
      "mae": 0.23203990270082137,
      "coverage_90": 0.44375,
      "mean_width": 0.4242861068259958,
      "pearson_cpgpoor": 0.5491673942877334
    },
    "havi": {
      "pearson": 0.7379176924172485,
      "rmse": 0.2242431430230008,
      "mae": 0.1849931286978001,
      "coverage_90": 0.659375,
      "mean_width": 0.43601912028306744,
      "pearson_cpgpoor": 0.7745129156717913
    },
    "elbo_final": -1.1175498893889713
  },
  "cov_5.0": {
    "baseline": {
      "pearson": 0.8132185484495941,
      "rmse": 0.1863577696203277,
      "mae": 0.1448510495742881,
      "coverage_90": 0.59375,
      "mean_width": 0.33431701197251357,
      "pearson_cpgpoor": 0.8879705083559444
    },
    "havi": {
      "pearson": 0.8765234582778734,
      "rmse": 0.15899519443559534,
      "mae": 0.12830720929641984,
      "coverage_90": 0.596875,
      "mean_width": 0.26943647091390055,
      "pearson_cpgpoor": 0.9330673341483202
    },
    "elbo_final": -1.538277020094665
  },
  "cov_30.0": {
    "baseline": {
      "pearson": 0.9736677149322935,
      "rmse": 0.10297618411970291,
      "mae": 0.08867622101821938,
      "coverage_90": 0.45625,
      "mean_width": 0.16608223948234951,
      "pearson_cpgpoor": 0.9591773847371003
    },
    "havi": {
      "pearson": 0.9757897018988432,
      "rmse": 0.10236365477888315,
      "mae": 0.08870342735567954,
      "coverage_90": 0.346875,
      "mean_width": 0.12260222880624247,
      "pearson_cpgpoor": 0.9621451025046095
    },
    "elbo_final": -2.7807507942657423
  },
  "identifiability": {
    "leak_no_vib": 0.05943530189134283,
    "leak_vib_only": 0.006377187292567421,
    "leak_vib_plus_mqtl": 0.000388089590795726
  },
  "tissue": {
    "rmse_baseline": 0.17418626950780153,
    "rmse_havi": 0.015352659023256774
  }
}