{
  "cov_0.1": {
    "baseline": {
      "pearson": 0.18195392906160673,
      "rmse": 0.30939875528373817,
      "mae": 0.27019718268138615,
      "coverage_90": 0.8733333333333333,
      "mean_width": 0.8648883793655404,
      "pearson_cpgpoor": 0.22430585259132405
    },
    "havi": {
      "pearson": 0.3820031021507308,
      "rmse": 0.2957318041720617,
      "mae": 0.26250880683516775,
      "coverage_90": 0.36583333333333334,
      "mean_width": 0.42215297993390816,
      "pearson_cpgpoor": 0.4502434362202743
    },
    "elbo_final": -0.21745192374507813
  },
  "cov_1.0": {
    "baseline": {
      "pearson": 0.5280834701798821,
      "rmse": 0.3085513998911038,
      "mae": 0.2483369650342294,
      "coverage_90": 0.48733333333333334,
      "mean_width": 0.43074564694707435,
      "pearson_cpgpoor": 0.5880005818561705
    },
    "havi": {
      "pearson": 0.8285027280685977,
      "rmse": 0.22044323939112864,
      "mae": 0.19417657102305996,
      "coverage_90": 0.4486111111111111,
      "mean_width": 0.37125301276448797,
      "pearson_cpgpoor": 0.8699562421949854
    },
    "elbo_final": -1.2817442742904002
  },
  "cov_5.0": {
    "baseline": {
      "pearson": 0.7786345840375525,
      "rmse": 0.18412523630689143,
      "mae": 0.1405520509646208,
      "coverage_90": 0.658,
      "mean_width": 0.36188122125118827,
      "pearson_cpgpoor": 0.8327651176579637
    },
    "havi": {
      "pearson": 0.8946940263371778,
      "rmse": 0.13209504615410517,
      "mae": 0.10745894359634352,
      "coverage_90": 0.6461111111111111,
      "mean_width": 0.2592427407695982,
      "pearson_cpgpoor": 0.9274581195042232
    },
    "elbo_final": -2.163163206811754
  },
  "cov_30.0": {
    "baseline": {
      "pearson": 0.960691543141431,
      "rmse": 0.09728229079884924,
      "mae": 0.08131615561553036,
      "coverage_90": 0.554,
      "mean_width": 0.1830967328483232,
      "pearson_cpgpoor": 0.9775584719103544
    },
    "havi": {
      "pearson": 0.9664271874359549,
      "rmse": 0.09572380142259768,
      "mae": 0.08092872249192214,
      "coverage_90": 0.4033333333333333,
      "mean_width": 0.1259533714605546,
      "pearson_cpgpoor": 0.9812926970849072
    },
    "elbo_final": -3.404346396567267
  },
  "identifiability": {
    "leak_no_vib": 0.03318431038957936,
    "leak_vib_only": 0.003566177082778621,
    "leak_vib_plus_mqtl": 0.00021848135074054031
  },
  "tissue": {
    "rmse_baseline": 0.15292788163111493,
    "rmse_havi": 0.008531219655367468
  }
}
