posterior_head,objective,coverage,pearson_r,rmse,mae,elbo_first,elbo_last,wall_seconds,iters,iters_per_s,status
gaussian,ELBO,1.0,0.6816431473912296,0.277212717975,0.24644309482050283,-7.8542680740356445,-0.6292552947998047,160.507,80,0.50,measured (full torch on Darwin arm64 arm)
gaussian,IWAE K=4,1.0,0.8375346432872315,0.19695083521216084,0.16490637156059784,-3.7657015323638916,-0.5333687663078308,143.913,80,0.56,measured (full torch on Darwin arm64 arm)
gaussian,ELBO,5.0,0.9369161352088988,0.13427491110827527,0.11407388501350754,-9.592578887939453,-2.3487110137939453,353.240,80,0.23,measured (full torch on Darwin arm64 arm)
gaussian,IWAE K=4,5.0,0.9535311116403733,0.10795182871447342,0.08739489112489356,-5.874804973602295,-2.211479663848877,338.575,80,0.24,measured (full torch on Darwin arm64 arm)
flow,ELBO,1.0,0.6606100972658513,0.25525382858080836,0.19814021304273766,-7.807412147521973,-0.7075812816619873,143.209,80,0.56,measured (full torch on Darwin arm64 arm)
flow,IWAE K=4,1.0,0.8766633228958371,0.16241226682765217,0.12638653974465897,-3.159179210662842,-0.5266987681388855,144.835,80,0.55,measured (full torch on Darwin arm64 arm)
flow,ELBO,5.0,0.9030515801900022,0.14832166791457405,0.11969833671246662,-9.895696640014648,-2.528402328491211,314.229,80,0.25,measured (full torch on Darwin arm64 arm)
flow,IWAE K=4,5.0,0.9540395400396079,0.10808940438140656,0.08865425233147275,-4.953668594360352,-2.2306809425354004,312.454,80,0.26,measured (full torch on Darwin arm64 arm)
