{
  "cov_0.1": {
    "baseline": {
      "pearson": 0.16229813955157735,
      "rmse": 0.3099904600775668,
      "mae": 0.2711645031795134,
      "coverage_90": 0.796,
      "mean_width": 0.8193883793655407,
      "pearson_cpgpoor": 0.22430585259132424
    },
    "havi": {
      "pearson": 0.3332702157165197,
      "rmse": 0.2955463238786097,
      "mae": 0.26181810891448587,
      "coverage_90": 0.4708333333333333,
      "mean_width": 0.5117529003276292,
      "pearson_cpgpoor": 0.3982881532447213
    },
    "elbo_final": -0.21695285473436726
  },
  "cov_1.0": {
    "baseline": {
      "pearson": 0.5236872800270462,
      "rmse": 0.311931187224592,
      "mae": 0.2498819873273917,
      "coverage_90": 0.448,
      "mean_width": 0.41224564694707433,
      "pearson_cpgpoor": 0.5880005818561707
    },
    "havi": {
      "pearson": 0.781650815413644,
      "rmse": 0.22702222310589398,
      "mae": 0.1957161676201806,
      "coverage_90": 0.5966666666666667,
      "mean_width": 0.4424047811765647,
      "pearson_cpgpoor": 0.8278355679765931
    },
    "elbo_final": -1.281213396464372
  },
  "cov_5.0": {
    "baseline": {
      "pearson": 0.7682605951182659,
      "rmse": 0.1868585688439763,
      "mae": 0.1428991879280763,
      "coverage_90": 0.6573333333333333,
      "mean_width": 0.36144788791785504,
      "pearson_cpgpoor": 0.8327651176579641
    },
    "havi": {
      "pearson": 0.8676174702169274,
      "rmse": 0.1414885914818254,
      "mae": 0.11250400828997707,
      "coverage_90": 0.6705555555555556,
      "mean_width": 0.2804941497767456,
      "pearson_cpgpoor": 0.9064304024565076
    },
    "elbo_final": -2.1599263960616266
  },
  "cov_30.0": {
    "baseline": {
      "pearson": 0.961332514974826,
      "rmse": 0.09778880954516252,
      "mae": 0.0820823991476936,
      "coverage_90": 0.554,
      "mean_width": 0.18309673284832303,
      "pearson_cpgpoor": 0.9775584719103548
    },
    "havi": {
      "pearson": 0.9642797813186266,
      "rmse": 0.09599492930540396,
      "mae": 0.0807509847332442,
      "coverage_90": 0.4147222222222222,
      "mean_width": 0.12832187817917018,
      "pearson_cpgpoor": 0.9799075331348465
    },
    "elbo_final": -3.375867632415954
  },
  "identifiability": {
    "leak_no_vib": 0.059344522227900764,
    "leak_vib_only": 0.006209168565442291,
    "leak_vib_plus_mqtl": 0.00037448504157233664
  },
  "tissue": {
    "rmse_baseline": 0.12924691471544858,
    "rmse_havi": 0.0069450800924112785
  }
}
