posterior_head,coverage,pearson_r,rmse,mae,elbo_first,elbo_last,wall_seconds,iters,iters_per_s,status
gaussian,1.0,0.5414729856924715,0.30434854924228066,0.2722533921833087,-1.170921802520752,-0.6652529835700989,14.499,80,5.52,measured (full torch on Darwin arm64 arm)
gaussian,5.0,0.9450063355719391,0.14727266939989744,0.1269430189159107,-3.678908586502075,-2.434741735458374,23.760,80,3.37,measured (full torch on Darwin arm64 arm)
flow,1.0,0.5480120058030119,0.29330977198642116,0.26176005326646035,-1.6140973567962646,-0.7281371355056763,14.296,80,5.60,measured (full torch on Darwin arm64 arm)
flow,5.0,0.9156849773413186,0.15566065635270868,0.13066375738762565,-4.2508087158203125,-2.539823293685913,24.024,80,3.33,measured (full torch on Darwin arm64 arm)
