coverage,pearson_r,rmse,mae,elbo_first,elbo_last,wall_seconds,iters,iters_per_s,status
1.0,0.5414729856924715,0.30434854924228066,0.2722533921833087,-1.170921802520752,-0.6652529835700989,14.585,80,5.49,measured (full torch on Darwin arm64 arm)
5.0,0.9450063355719391,0.14727266939989744,0.1269430189159107,-3.678908586502075,-2.434741735458374,23.731,80,3.37,measured (full torch on Darwin arm64 arm)
