coverage,method,pearson,rmse,mae
0.1,FinaleMe-style HMM,0.2088583175801075,0.340786676426228,0.30378457878989445
0.1,HAVI-Methyl,0.2762210756747436,0.3293258448095346,0.29561234291965455
1.0,FinaleMe-style HMM,0.5321531218273303,0.30027662168760527,0.23203990270082137
1.0,HAVI-Methyl,0.7379176924172485,0.2242431430230008,0.1849931286978001
5.0,FinaleMe-style HMM,0.8132185484495941,0.1863577696203277,0.1448510495742881
5.0,HAVI-Methyl,0.8765234582778734,0.15899519443559534,0.12830720929641984
30.0,FinaleMe-style HMM,0.9736677149322935,0.10297618411970291,0.08867622101821938
30.0,HAVI-Methyl,0.9757897018988432,0.10236365477888315,0.08870342735567954
